id;title;content;continent;tags;image_path
1;Disneyland Paris - The Ultimate Magical Destination;Disneyland Paris, located in Marne-la-Vallée, France, is Europe's most iconic and magical theme park destination. Opened in 1992, this resort offers an enchanting experience for visitors of all ages. It consists of two main parks: Disneyland Park and Wa...;Europe;Magic, Theme Park, Family Fun, Disney, France, Travel, Attractions, Adventure, Fairy Tales, Entertainment, Europe;C:/Users/Images/DisneylandParis/
2;Universal Studios Japan (Osaka, Japan);Universal Studios Japan is packed with exciting rides based on popular movies, including Jurassic Park, Harry Potter, and Minions. The Wizarding World of Harry Potter is especially amazing, with immersive shops and the thrilling ride Har...;Asia-Middle-East;Magic, Theme Park, Family Fun, Harry Potter, Jurassic Park, Travel, Attractions, Adventure, Wizard, Entertainment, Forbidden Journey, japan, movies;C:/Users/Images/Osaka/
3;Six Flags Magic Mountain (Valencia, California, USA);Six Flags Magic Mountain is home to some of the most thrilling roller coasters in the world, including the intense Twisted Colossus and the heart-racing X2.Its an adrenaline-packed adventure, with a variety of rides for all ages. This the...;North-America;Theme Park, Roller Coasters, Family Fun, Adventure, Thrills, X2, Twisted Colossus, Travel, Entertainment, Amusement, California, Rides;C:/Users/Images/SixFlags/
4;Legoland Windsor (England);Legoland Windsor is a must-visit for young LEGO fans, with themed rides, interactive shows, and amazing LEGO structures. The park is divided into 12 themed lands, each with its own attractions, shops, and restaurants. Some of the most popular lands include Miniland, where you can see famous landmarks from around the world built out of LEGO bricks, and LEGO City, where kids can learn to drive LEGO cars and boats. Other highlights include the LEGO Star Wars Miniland Model Display, the Pirate Shores water play area, and the Duplo Valley, which is perfect for younger children. With so much to see and do, Legoland Windsor is a fun and exciting destination for families with kids of all ages.;Europe;Theme Park, Family Fun, LEGO, England, Attractions;C:/Users/Images/LegolandWindsor/
5;Colosseum (Rome, Italy);The Colosseum in Rome is an incredible historical site that kids will love exploring. ...;Europe;History, Ancient Rome, Family Fun, Travel, Landmarks;C:/Users/Images/Colosseum/
6;Efteling (Kaatsheuvel, Netherlands);Efteling is a fairytale-themed amusement park featuring rides, shows, and magical experiences. ...;Europe;Theme Park, Fairytale, Family Fun, Netherlands;C:/Users/Images/Efteling/
7;Schönbrunn Palace (Vienna, Austria);Explore Schönbrunn Palace and its gardens, a UNESCO World Heritage Site, with activities for kids. ...;Europe;History, Culture, Family Fun, Travel, Austria;C:/Users/Images/SchonbrunnPalace/
8;Burj Khalifa (Dubai, UAE);The Burj Khalifa offers stunning views from the observation deck on the 148th floor. ...;Asia-Middle-East;Architecture, Tower, City View, Travel, Dubai, Adventure;C:/Users/Images/BurjKhalifa/
9;Gardens by the Bay (Singapore);Explore the futuristic Supertree Grove and Cloud Forest, perfect for young explorers. ...;Asia-Middle-East;Nature, Family Fun, Singapore, Travel;C:/Users/Images/GardensByTheBay/
10;Hong Kong Disneyland (Hong Kong);Hong Kong Disneyland is perfect for kids with thrilling rides and magical parades. ...;Asia-Middle-East;Magic, Theme Park, Family Fun, Hong Kong;C:/Users/Images/HongKongDisneyland/
11;Great Wall of China (China);The Great Wall of China is a historical wonder that kids can explore. ...;Asia-Middle-East;History, Adventure, Travel, China, Exploration;C:/Users/Images/GreatWallOfChina/
12;Statue of Liberty (New York, USA);The Statue of Liberty is an iconic symbol of freedom with guided tours. ...;North-America;Landmark, History, Family Fun, USA;C:/Users/Images/StatueOfLiberty/
13;Niagara Falls (USA/Canada);Niagara Falls is a natural wonder with boat tours that thrill visitors. ...;North-America;Nature, Adventure, Travel, USA, Canada;C:/Users/Images/NiagaraFalls/
14;Disney World (Florida, USA);Disney World in Florida is the ultimate magical experience with four parks. ...;North-America;Theme Park, Magic, Family Fun, USA;C:/Users/Images/DisneyWorld/
15;Grand Canyon (Arizona, USA);The Grand Canyon offers incredible views and fun hiking trails. ...;North-America;Nature, Adventure, USA, Travel;C:/Users/Images/GrandCanyon/
16;Smithsonian Air and Space Museum (Washington, DC, USA);This museum is a hit with kids interested in airplanes and space exploration. ...;North-America;Museum, Education, Family Fun, USA;C:/Users/Images/SmithsonianAirSpace/
17;Christ the Redeemer (Rio de Janeiro, Brazil);The Christ the Redeemer statue offers panoramic views of Rio. ...;South-America;Landmark, Culture, Brazil, Adventure;C:/Users/Images/ChristRedeemer/
18;Iguazu Falls (Argentina/Brazil);Iguazu Falls is a natural wonder with dramatic waterfalls. ...;South-America;Nature, Travel, Family Fun, Brazil, Argentina;C:/Users/Images/IguazuFalls/
19;Machu Picchu (Peru);Machu Picchu is a historical Incan site with breathtaking views. ...;South-America;History, Adventure, Travel, Peru;C:/Users/Images/MachuPicchu/
20;La Paz Cable Cars (Bolivia);The La Paz cable cars offer amazing views of the city and mountains. ...;South-America;Adventure, Travel, Bolivia, Family Fun;C:/Users/Images/LaPazCableCars/
21;Victoria Falls (Zambia/Zimbabwe);Victoria Falls is one of the worlds largest and most stunning waterfalls. ...;Africa;Nature, Adventure, Travel, Zambia, Zimbabwe;C:/Users/Images/VictoriaFalls/
22;Maasai Mara Safari (Kenya);A safari in Maasai Mara introduces kids to Africa's incredible wildlife. ...;Africa;Wildlife, Nature, Kenya, Adventure;C:/Users/Images/MaasaiMara/
23;Robben Island (South Africa);Visit Robben Island to learn about South Africa's history and Nelson Mandela. ...;Africa;History, Culture, South Africa;C:/Users/Images/RobbenIsland/
24;Zanzibar Beaches (Tanzania);Zanzibar offers beautiful beaches and cultural experiences for families. ...;Africa;Beach, Culture, Tanzania, Travel;C:/Users/Images/ZanzibarBeaches/
25;Navagio Beach (Zakynthos, Greece);Navagio Beach, also known as Shipwreck Beach, is one of the most stunning and iconic beaches in Europe. Located on the island of Zakynthos, it features dramatic cliffs and turquoise waters, with a famous shipwreck on its golden sands. Perfect...;Europe;Beach, Nature, Travel, Greece, Island, Sea, Shipwreck, ship, Stunning Views, Turquoise Waters, Summer, Vacation, Mediterranean, Coastal Beauty, Zakynthos;C:/Users/Images/NavagioBeach/
26;Baía do Sancho (Fernando de Noronha, Brazil);Baía do Sancho is often regarded as one of the most beautiful beaches in the world. Located on the island of Fernando de Noronha, Brazil, this pristine beach boasts crystal-clear waters, dramatic cliffs, and abundant marine life.Perfect for ...;South-America;Beach, Nature, Travel, Brazil, Fernando de Noronha, Paradise, Crystal-clear Waters, Marine Life, Diving, Island, Tropical, Vacation, Coastal Beauty;C:/Users/Images/BaiaDoSancho/
27;Rainforest;A panoramic 360° view of a lush tropical rainforest with towering trees, dense green foliage, cascading vines, and sunlight filtering through the canopy;South-America;rainforest, tree, tropical, leafs, nature;C:/Users/Images/Rainforest/
28;Mount Fuji (Japan);Mount Fuji, Japan’s highest and most famous peak, is a stunning and iconic mountain.It is renowned for its perfectly symmetrical cone shape and its spiritual significance in Japanese culture.Visitors can hike to the summit during the clim...;Asia-Middle-East;Mountain, Japan, Travel, Nature, Hiking, Fuji, Iconic Landmark, Adventure, Climbing, Beautiful Views, Lakes, Landscape, Culture, Outdoors;C:/Users/Images/MountFuji/
29;Table Mountain (Cape Town, South Africa);Table Mountain is one of the most iconic and exciting places in South Africa. Visitors can take a cable car to the top and enjoy panoramic views of Cape Town, the ocean, and the surrounding mountains . The mountain also has kid-friendly hiking...;Africa;Mountain, Nature, Adventure, Hiking, Cable Car, Table Mountain, South Africa, Kids Activities, Family Fun, Cape Town, Outdoor Exploration, Scenic Views, Travel;C:/Users/Images/TableMountain/
30;Pyramids of Giza (Giza, Egypt);The Pyramids of Giza are one of the most awe-inspiring ancient wonders of the world. Located near Cairo, Egypt, these massive pyramids, including the Great Pyramid of Khufu, have stood for over 4,500 years. Kids will be fascinated by the myst...;Africa;Pyramids, Egypt, Ancient Wonders, History, Travel, Giza, Sphinx, Archaeology, Adventure, Family Fun, Ancient Egypt, Exploration, Iconic Landmarks;C:/Users/Images/PyramidsGiza/
31;Galapagos Islands (Ecuador);The Galapagos Islands are a unique and breathtaking archipelago located in the Pacific Ocean near Ecuador. Famous for their incredible biodiversity, these islands are home to fascinating wildlife such as giant tortoises, marine iguanas, and blue-fo...;South America;Galapagos, Ecuador, Wildlife, Nature, Biodiversity, Travel, Adventure, Conservation, Exploration, Family Fun, Charles Darwin, Evolution, Iconic Destinations;C:/Users/Images/GalapagosIslands/
32;Eiffel Tower (France);The Eiffel Tower is an iconic landmark located in Paris, France. Known for its stunning architecture and breathtaking views, this iron lattice tower attracts millions of visitors each year. It stands as a symbol of French culture and history.;Europe;Eiffel Tower, Paris,  France, Architecture, Landmark, Travel, Tourism, History, Culture, Iconic Destinations, Views, Romantic, Engineering Marvel;C:/Users/Images/EiffelTower/
33;Petra (Jordan);Petra, an ancient city in Jordan, is renowned for its rock-cut architecture and water conduit system. This archaeological wonder, once the thriving capital of the Nabataean Kingdom, is a UNESCO World Heritage site and one of the New Seven Wonders of the World, known for its intricate structures like Al-Khazneh.;Asia-Middle-East;Petra, Jordan, Landmark, Ancient, Architecture, Archaeology, UNESCO, History, Heritage, Rock-Cut, Wonders of the World, Travel, Adventure, Culture;C:/Users/Images/Petra/
34;Taj Mahal (India);The Taj Mahal is a stunning white marble mausoleum located in Agra, India. Built by Mughal Emperor Shah Jahan in memory of his wife Mumtaz Mahal, it is recognized as one of the most beautiful buildings in the world. The Taj Mahal is a symbol of eternal love and a UNESCO World Heritage site.;Asia-Middle-East;Taj Mahal, India, Landmark, Architecture, History, Mausoleum, Love, Culture, UNESCO, Heritage, Marble, Tourism, Romance, Wonder of the World;C:/Users/Images/TajMahal/
35;Al-Masjid al-Haram (Saudi Arabia);Al-Masjid al-Haram, located in Mecca, Saudi Arabia, is the largest mosque in the world and the holiest site in Islam. It is the focal point for millions of Muslims who perform the Hajj pilgrimage each year. The mosque surrounds the Kaaba, a cube-shaped building that is the most sacred site in Islam.;Asia-Middle-East;Al-Masjid al-Haram, Mecca, Saudi Arabia, Landmark, Mosque, Islam, Religious, Pilgrimage, Hajj, Culture, Architecture, Sacred, Heritage, Travel, Tourism;C:/Users/Images/AlMasjidAlHaram/